#
# REDIRECTS FILE
#
# This is the live redirect file for terraform.io. It lets you add
# redirect rules in a declarative manner using Fastly edge
# dictionaries.
#
# For external redirects, populate the Fastly data directly via the
# Terraform files in this repo.
#
# FORMAT
#
# Redirects are in the format. There must be at least one space between the
# original path and the new path, and there must be exactly two entries per
# line.
#
#     /original-path    /new-path
#
# RELATIVE PATHS ONLY
#
# You may need to do a redirect to some external URL (to https://somewhere.com).
# These sorts of redirect are commented out in this file, because they need a "real"
# Varnish rewrite rule. We're adding them here anyway, to ensure redirects.txt
# is a complete record of all the rewrites this site uses.
#
# If you need to redirect to an external URL, you must contact it-helpdesk.
#
# INDEX.HTML AND PARENT PATHS
#
# The live terraform.io website handles index.html files in the normal fashion:
# - /docs/cloud/free/ will actually serve the content at /docs/cloud/free/index.html.
# - /docs/cloud/free (without the trailing slash) will go to /docs/cloud/free/
#   if there's a directory at "free" instead of a normal file.
#
# However, these redirect rules aren't that clever. This means that if you
# redirect an index.html file, you must also redirect its parent path, both with
# and without the trailing slash; otherwise, they'll continue to 404 instead of
# finding the new location.
#
# GLOB MATCHING
#
# Because of the way lookup tables work, there is no support for glob matching.
# Fastly does not provide a way to iterate through the lookup table, so it is
# not possible to run through the table and find anything that matches. As such
# URLs must match directly.
#
# More complex redirects are possible, but must be added directly to the
# configuration. Please contact the release engineering team for assistance.
#
# DELETING
#
# Deleting items is not supported at this time. To delete an item, contact the
# release engineering team and they will delete the dictionary item.
#
# REDIRECT PROVIDERS FROM TERRAFORM.IO TO REGISTRY.TERRAFORM.IO
#
# Terraform doc redirects from the old terraform.io site to the equivalent provider docs in
# registry.terraform.io is handled by the dictionaries in the terraform/ directory. The dictionaries
# handle three main cases:
# - redirect index.html pages to latest/docs
#   - Examples:
#     - https://www.terraform.io/docs/providers/${provider}/index.html to https://registry.terraform.io/providers/hashicorp/${provider}/latest/docs
# - redirect /r, /d and /guides (for completeness) to /resource, /data-sources, /guides respectively, without the .html extension
#   - Examples:
#       - /docs/providers/random/r/id.html to https://registry.terraform.io/providers/hashicorp/random/latest/docs/resources/id
#       - /docs/providers/aws/d/instance.html to https://registry.terraform.io/providers/hashicorp/aws/latest/docs/data-sources/instance
# - redirect any catch-all external links that did not match any other rules or special cases
#   - Examples:
#     - /docs/providers/null/data_source.html to https://registry.terraform.io/providers/hashicorp/null/latest/docs/data-sources/data_source
# MISC
#
# - Blank lines are ignored
# - Comments are hash-style
# - URLs are limited to 256 characters
# - Items are case-sensitive (please use all lowercase)
#

/docs/backends/types/atlas.html                  /docs/backends/types/terraform-enterprise.html
/docs/configuration/atlas.html                   /docs/configuration/terraform-enterprise.html
/docs/enterprise/packer/builds.html              /docs/enterprise/packer/builds/index.html
/docs/providers/atlas                            /docs/providers/terraform-enterprise/index.html

# The great TFE GA release
/docs/enterprise-beta/api/configuration-versions.html   /docs/enterprise/api/configuration-versions.html
/docs/enterprise-beta/api/index.html                    /docs/enterprise/api/index.html
/docs/enterprise-beta/api/modules.html                  /docs/enterprise/api/modules.html
/docs/enterprise-beta/api/oauth-tokens.html             /docs/enterprise/api/oauth-tokens.html
/docs/enterprise-beta/api/organization-tokens.html      /docs/enterprise/api/organization-tokens.html
/docs/enterprise-beta/api/policies.html                 /docs/enterprise/api/policies.html
/docs/enterprise-beta/api/policy-checks.html            /docs/enterprise/api/policy-checks.html
/docs/enterprise-beta/api/run.html                      /docs/enterprise/api/run.html
/docs/enterprise-beta/api/team-access.html              /docs/enterprise/api/team-access.html
/docs/enterprise-beta/api/team-members.html             /docs/enterprise/api/team-members.html
/docs/enterprise-beta/api/team-tokens.html              /docs/enterprise/api/team-tokens.html
/docs/enterprise-beta/api/teams.html                    /docs/enterprise/api/teams.html
/docs/enterprise-beta/api/variables.html                /docs/enterprise/api/variables.html
/docs/enterprise-beta/api/workspaces.html               /docs/enterprise/api/workspaces.html
/docs/enterprise-beta/getting-started/access.html       /docs/enterprise/getting-started/access.html
/docs/enterprise-beta/getting-started/index.html        /docs/enterprise/getting-started/index.html
/docs/enterprise-beta/getting-started/runs.html         /docs/enterprise/getting-started/runs.html
/docs/enterprise-beta/getting-started/vcs.html          /docs/enterprise/getting-started/vcs.html
/docs/enterprise-beta/getting-started/workspaces.html   /docs/enterprise/getting-started/workspaces.html
/docs/enterprise-beta/guides/recommended-practices/index.html       /docs/enterprise/guides/recommended-practices/index.html
/docs/enterprise-beta/guides/recommended-practices/part1.html       /docs/enterprise/guides/recommended-practices/part1.html
/docs/enterprise-beta/guides/recommended-practices/part2.html       /docs/enterprise/guides/recommended-practices/part2.html
/docs/enterprise-beta/guides/recommended-practices/part3.1.html     /docs/enterprise/guides/recommended-practices/part3.1.html
/docs/enterprise-beta/guides/recommended-practices/part3.2.html     /docs/enterprise/guides/recommended-practices/part3.2.html
/docs/enterprise-beta/guides/recommended-practices/part3.3.html     /docs/enterprise/guides/recommended-practices/part3.3.html
/docs/enterprise-beta/guides/recommended-practices/part3.4.html     /docs/enterprise/guides/recommended-practices/part3.4.html
/docs/enterprise-beta/guides/recommended-practices/part3.html       /docs/enterprise/guides/recommended-practices/part3.html
/docs/enterprise-beta/index.html                        /docs/enterprise/index.html
/docs/enterprise-beta/private/config.html               /docs/enterprise/private/config.html
/docs/enterprise-beta/private/index.html                /docs/enterprise/private/index.html
/docs/enterprise-beta/private/install.html              /docs/enterprise/private/install.html
/docs/enterprise-beta/private/pre-install.html          /docs/enterprise/private/pre-install.html
/docs/enterprise-beta/saml/configuration.html           /docs/enterprise/saml/configuration.html
/docs/enterprise-beta/saml/index.html                   /docs/enterprise/saml/index.html
/docs/enterprise-beta/saml/login.html                   /docs/enterprise/saml/login.html
/docs/enterprise-beta/saml/team-membership.html         /docs/enterprise/saml/team-membership.html
/docs/enterprise-beta/sentinel/enforce.html             /docs/enterprise/sentinel/enforce.html
/docs/enterprise-beta/sentinel/index.html               /docs/enterprise/sentinel/index.html
/docs/enterprise-beta/sentinel/integrate-vcs.html       /docs/enterprise/sentinel/integrate-vcs.html
/docs/enterprise-beta/sentinel/manage-policies.html     /docs/enterprise/sentinel/manage-policies.html
/docs/enterprise-beta/users-teams-organizations/index.html              /docs/enterprise/users-teams-organizations/index.html
/docs/enterprise-beta/users-teams-organizations/organizations.html      /docs/enterprise/users-teams-organizations/organizations.html
/docs/enterprise-beta/users-teams-organizations/permissions.html        /docs/enterprise/users-teams-organizations/permissions.html
/docs/enterprise-beta/users-teams-organizations/service-accounts.html   /docs/enterprise/users-teams-organizations/service-accounts.html
/docs/enterprise-beta/users-teams-organizations/teams.html              /docs/enterprise/users-teams-organizations/teams.html
/docs/enterprise-beta/users-teams-organizations/users.html              /docs/enterprise/users-teams-organizations/users.html
/docs/enterprise-beta/vcs/bitbucket-cloud.html          /docs/enterprise/vcs/bitbucket-cloud.html
/docs/enterprise-beta/vcs/bitbucket-server.html         /docs/enterprise/vcs/bitbucket-server.html
/docs/enterprise-beta/vcs/github-enterprise.html        /docs/enterprise/vcs/github-enterprise.html
/docs/enterprise-beta/vcs/github.html                   /docs/enterprise/vcs/github.html
/docs/enterprise-beta/vcs/gitlab-com.html               /docs/enterprise/vcs/gitlab-com.html
/docs/enterprise-beta/vcs/gitlab-eece.html              /docs/enterprise/vcs/gitlab-eece.html
/docs/enterprise-beta/vcs/index.html                    /docs/enterprise/vcs/index.html
/docs/enterprise-beta/workspaces/index.html             /docs/enterprise/workspaces/index.html
/docs/enterprise-beta/workspaces/naming.html            /docs/enterprise/workspaces/naming.html
/docs/enterprise-beta/workspaces/repo-structure.html    /docs/enterprise/workspaces/repo-structure.html
/docs/enterprise-beta/workspaces/run-api.html           /docs/enterprise/workspaces/run-api.html
/docs/enterprise-beta/workspaces/run-basics.html        /docs/enterprise/workspaces/run-basics.html
/docs/enterprise-beta/workspaces/run-ui.html            /docs/enterprise/workspaces/run-ui.html
/docs/enterprise-beta/workspaces/settings.html          /docs/enterprise/workspaces/settings.html
/docs/enterprise-beta/api/o-auth-tokens.html            /docs/enterprise/api/oauth-tokens.html


# Extending Terraform section
# /guides/writing-custom-terraform-providers.html          https://learn.hashicorp.com/terraform/providers/setup-implement-read
/docs/extend/resources.html                              /docs/extend/resources/index.html
# /docs/extend/writing-custom-providers.html               https://learn.hashicorp.com/terraform/providers/setup-implement-read
/docs/extend/plugin-sdk.html				 /docs/extend/guides/v1-upgrade-guide.html

# Move the docs about TFE runs
/docs/enterprise/workspaces/run-basics.html              /docs/enterprise/run/index.html
/docs/enterprise/workspaces/run-ui.html                  /docs/enterprise/run/ui.html
/docs/enterprise/workspaces/run-api.html                 /docs/enterprise/run/api.html
/docs/enterprise/workspaces/run-cli.html                 /docs/enterprise/run/cli.html

# AWS Provider
/docs/providers/aws/d/alb_listener.html                     /docs/providers/aws/d/lb_listener.html
/docs/providers/aws/d/alb_target_group.html                 /docs/providers/aws/d/lb_target_group.html
/docs/providers/aws/d/alb.html                              /docs/providers/aws/d/lb.html
/docs/providers/aws/events/gardening-summer-2018.html       /docs/extend/community/events/2018/summer-gardening.html
/docs/providers/aws/r/alb_listener_rule.html                /docs/providers/aws/r/lb_listener_rule.html
/docs/providers/aws/r/alb_listener.html                     /docs/providers/aws/r/lb_listener.html
/docs/providers/aws/r/alb_target_group_attachment.html      /docs/providers/aws/r/lb_target_group_attachment.html
/docs/providers/aws/r/alb_target_group.html                 /docs/providers/aws/r/lb_target_group.html
/docs/providers/aws/r/alb.html                              /docs/providers/aws/r/lb.html
/docs/providers/aws/r/autoscaling_lifecycle_hooks.html      /docs/providers/aws/r/autoscaling_lifecycle_hook.html
/docs/providers/aws/r/code_commit_repository.html           /docs/providers/aws/r/codecommit_repository.html
/docs/providers/aws/r/code_commit_trigger.html              /docs/providers/aws/r/codecommit_trigger.html
/docs/providers/aws/r/elastic_transcoder_pipeline.html      /docs/providers/aws/r/elastictranscoder_pipeline.html
/docs/providers/aws/r/elastic_transcoder_preset.html        /docs/providers/aws/r/elastictranscoder_preset.html
/docs/providers/aws/r/main_route_table_assoc.html           /docs/providers/aws/r/main_route_table_association.html
/docs/providers/aws/r/s3_bucket_analysis_configuration.html /docs/providers/aws/r/s3_bucket_analytics_configuration.html
/docs/providers/aws/r/vpc_peering_accepter.html             /docs/providers/aws/r/vpc_peering_connection_accepter.html
/docs/providers/aws/r/vpc_peering_options.html              /docs/providers/aws/r/vpc_peering_connection_options.html
/docs/providers/aws/r/vpc_peering.html                      /docs/providers/aws/r/vpc_peering_connection.html

# Azure Active Directory Provider
/docs/providers/azuread/auth/azure_cli.html                             /docs/providers/azuread/guides/azure_cli.html
/docs/providers/azuread/auth/managed_service_identity.html              /docs/providers/azuread/guides/managed_service_identity.html
/docs/providers/azuread/auth/service_principal_client_certificate.html  /docs/providers/azuread/guides/service_principal_client_certificate.html
/docs/providers/azuread/auth/service_principal_client_secret.html       /docs/providers/azuread/guides/service_principal_client_secret.html
/docs/providers/azuread/auth/service_principal_configuration.html       /docs/providers/azuread/guides/service_principal_configuration.html

# Azure Resource Manager Provider
/docs/providers/azurerm/auth/azure_cli.html                             /docs/providers/azurerm/guides/azure_cli.html
/docs/providers/azurerm/auth/managed_service_identity.html              /docs/providers/azurerm/guides/managed_service_identity.html
/docs/providers/azurerm/auth/service_principal_client_certificate.html  /docs/providers/azurerm/guides/service_principal_client_certificate.html
/docs/providers/azurerm/auth/service_principal_client_secret.html       /docs/providers/azurerm/guides/service_principal_client_secret.html
/docs/providers/azurerm/authenticating_via_azure_cli.html               /docs/providers/azurerm/guides/azure_cli.html
/docs/providers/azurerm/authenticating_via_msi.html                     /docs/providers/azurerm/guides/managed_service_identity.html
/docs/providers/azurerm/authenticating_via_service_principal.html       /docs/providers/azurerm/guides/service_principal_client_secret.html
# Renamed in azurerm commit 9366e423886b10fae50c1bb499a75214757eb9b5
/docs/providers/azurerm/r/loadbalancer.html                             /docs/providers/azurerm/r/lb.html
/docs/providers/azurerm/r/loadbalancer_backend_address_pool.html        /docs/providers/azurerm/r/lb_backend_address_pool.html
/docs/providers/azurerm/r/loadbalancer_rule.html                        /docs/providers/azurerm/r/lb_rule.html
/docs/providers/azurerm/r/loadbalancer_outbound_rule.html               /docs/providers/azurerm/r/lb_outbound_rule.html
/docs/providers/azurerm/r/loadbalancer_nat_rule.html                    /docs/providers/azurerm/r/lb_nat_rule.html
/docs/providers/azurerm/r/loadbalancer_nat_pool.html                    /docs/providers/azurerm/r/lb_nat_pool.html
/docs/providers/azurerm/r/loadbalancer_probe.html                       /docs/providers/azurerm/r/lb_probe.html
/docs/providers/azurerm/d/loadbalancer.html                             /docs/providers/azurerm/d/lb.html
/docs/providers/azurerm/d/loadbalancer_backend_address_pool.html        /docs/providers/azurerm/d/lb_backend_address_pool.html
# Moved to azuread provider
/docs/providers/azurerm/d/azurerm_azuread_application.html                  /docs/providers/azuread/d/azurerm_azuread_application.html
/docs/providers/azurerm/d/azurerm_azuread_service_principal.html            /docs/providers/azuread/d/azurerm_azuread_service_principal.html
/docs/providers/azurerm/r/azurerm_azuread_application.html                  /docs/providers/azuread/r/azurerm_azuread_application.html
/docs/providers/azurerm/r/azurerm_azuread_service_principal.html            /docs/providers/azuread/r/azurerm_azuread_service_principal.html
/docs/providers/azurerm/r/azurerm_azuread_service_principal_password.html   /docs/providers/azuread/r/azurerm_azuread_service_principal_password.html
# Removed for 2.0
/docs/providers/azurerm/r/container_service.html                        /docs/providers/azurerm/guides/2.0-upgrade-guide.html
/docs/providers/azurerm/r/metric_alertrule.html                         /docs/providers/azurerm/guides/2.0-upgrade-guide.html


# Azure Stack Provider
/docs/providers/azurestack/auth/azure_cli.html                             /docs/providers/azurestack/guides/azure_cli.html
/docs/providers/azurestack/auth/service_principal_client_certificate.html  /docs/providers/azurestack/guides/service_principal_client_certificate.html
/docs/providers/azurestack/auth/service_principal_client_secret.html       /docs/providers/azurestack/guides/service_principal_client_secret.html

# Google Provider
/docs/provider/google/provider_versions.html                    /docs/providers/google/provider_versions.html
/docs/providers/google/r/big_query_dataset.html                 /docs/providers/google/r/bigquery_dataset.html
/docs/providers/google/r/cloud_build_trigger.html               /docs/providers/google/r/cloudbuild_trigger.html
/docs/providers/google/r/security_center_source.html            /docs/providers/google/r/scc_source.html
/docs/providers/google/r/source_repo_repository.html            /docs/providers/google/r/sourcerepo_repository.html
/docs/providers/google/r/source_repo_repository_iam.html        /docs/providers/google/r/sourcerepo_repository_iam.html

# Move content to learn.hashicorp.com:
# /guides/running-terraform-in-automation.html            https://learn.hashicorp.com/terraform/development/running-terraform-in-automation
# /intro/getting-started/build.html                       https://learn.hashicorp.com/terraform/getting-started/build
# /intro/getting-started/change.html                      https://learn.hashicorp.com/terraform/getting-started/change
# /intro/getting-started/dependencies.html                https://learn.hashicorp.com/terraform/getting-started/dependencies
# /intro/getting-started/destroy.html                     https://learn.hashicorp.com/terraform/getting-started/destroy
# /intro/getting-started/install.html                     https://learn.hashicorp.com/terraform/getting-started/install
# /intro/getting-started/modules.html                     https://learn.hashicorp.com/terraform/getting-started/modules
# /intro/getting-started/next-steps.html                  https://learn.hashicorp.com/terraform/getting-started/next-steps
# /intro/getting-started/outputs.html                     https://learn.hashicorp.com/terraform/getting-started/outputs
# /intro/getting-started/provision.html                   https://learn.hashicorp.com/terraform/getting-started/provision
# /intro/getting-started/remote.html                      https://learn.hashicorp.com/terraform/getting-started/remote
# /intro/getting-started/variables.html                   https://learn.hashicorp.com/terraform/getting-started/variables
# /docs/providers/aws/guides/eks-getting-started.html     https://learn.hashicorp.com/terraform/aws/eks-intro
# /docs/providers/aws/guides/iam-policy-documents.html    https://learn.hashicorp.com/terraform/aws/iam-policy
# /docs/providers/aws/guides/serverless-with-aws-lambda-and-api-gateway.html    https://learn.hashicorp.com/terraform/aws/lambda-api-gateway
# /docs/cloud/free/index.html                             https://learn.hashicorp.com/terraform/cloud-gettingstarted/tfc_overview
# /docs/cloud/free/overview.html                          https://learn.hashicorp.com/collections/terraform/cloud-get-started
# /intro/examples/index.html                              https://learn.hashicorp.com/terraform
# /intro/examples/aws.html                                https://learn.hashicorp.com/collections/terraform/aws-get-started
# /intro/examples/consul.html                             https://learn.hashicorp.com/tutorials/consul/terraform-consul-provider
# /intro/examples/count.html                              https://learn.hashicorp.com/tutorials/terraform/count
# /intro/examples/cross-provider.html                     https://learn.hashicorp.com/terraform

# Most Terraform v0.11 config language doc pages were updated in-place by
# 0.12 versions, but there is no new equivalent to interpolation.html. We
# redirect this one to the v0.11 copy of it rather than to the expressions
# page because the expressions page has a very different structure and links
# to the interpolation page tend to use section headers that no longer exist,
# and so landing in the 0.11 interpolation docs gives a better result.
/docs/configuration/interpolation.html /docs/configuration-0-11/interpolation.html
/docs/configuration/load.html          /docs/configuration-0-11/load.html

# Environment variables are now covered in "commands" rather than in
# "configuration", because they relate to CLI functionality rather than the
# configuration language.
/docs/configuration/environment-variables.html /docs/commands/environment-variables.html

# Module usage docs are now consolidated into the Configuration/Modules page.
/docs/modules/usage.html /docs/configuration/modules.html

# Module creation docs are now on the modules section index page.
/docs/modules/create.html /docs/modules/index.html

# Upgrade docs are gone, but there is an unfixable dangling link, so we ahve to
# redirect somewhere I guess
/docs/enterprise/upgrade/differences.html /docs/enterprise/index.html

# The great Terraform Cloud / Terraform Enterprise docs split:
/docs/enterprise/free                                               /docs/cloud/free
/docs/enterprise/free/                                              /docs/cloud/free/
/docs/enterprise/free/index.html                                    /docs/cloud/free/index.html
/docs/enterprise/free/overview.html                                 /docs/cloud/free/overview.html
/docs/enterprise/workspaces                                         /docs/cloud/workspaces
/docs/enterprise/workspaces/                                        /docs/cloud/workspaces/
/docs/enterprise/workspaces/index.html                              /docs/cloud/workspaces/index.html
/docs/enterprise/workspaces/settings.html                           /docs/cloud/workspaces/settings.html
/docs/enterprise/workspaces/ssh-keys.html                           /docs/cloud/workspaces/ssh-keys.html
/docs/enterprise/workspaces/naming.html                             /docs/cloud/workspaces/naming.html
/docs/enterprise/workspaces/notifications.html                      /docs/cloud/workspaces/notifications.html
/docs/enterprise/workspaces/access.html                             /docs/cloud/workspaces/access.html
/docs/enterprise/workspaces/creating.html                           /docs/cloud/workspaces/creating.html
/docs/enterprise/workspaces/variables.html                          /docs/cloud/workspaces/variables.html
/docs/enterprise/workspaces/repo-structure.html                     /docs/cloud/workspaces/repo-structure.html
/docs/enterprise/users-teams-organizations                          /docs/cloud/users-teams-organizations
/docs/enterprise/users-teams-organizations/                         /docs/cloud/users-teams-organizations/
/docs/enterprise/users-teams-organizations/index.html               /docs/cloud/users-teams-organizations/index.html
/docs/enterprise/users-teams-organizations/users.html               /docs/cloud/users-teams-organizations/users.html
/docs/enterprise/users-teams-organizations/organizations.html       /docs/cloud/users-teams-organizations/organizations.html
/docs/enterprise/users-teams-organizations/service-accounts.html    /docs/cloud/users-teams-organizations/service-accounts.html
/docs/enterprise/users-teams-organizations/teams.html               /docs/cloud/users-teams-organizations/teams.html
/docs/enterprise/users-teams-organizations/permissions.html         /docs/cloud/users-teams-organizations/permissions.html
/docs/enterprise/users-teams-organizations/2fa.html                 /docs/cloud/users-teams-organizations/2fa.html
/docs/enterprise/sentinel                                           /docs/cloud/sentinel
/docs/enterprise/sentinel/                                          /docs/cloud/sentinel/
/docs/enterprise/sentinel/index.html                                /docs/cloud/sentinel/index.html
/docs/enterprise/sentinel/integrate-vcs.html                        /docs/cloud/sentinel/integrate-vcs.html
/docs/enterprise/sentinel/enforce.html                              /docs/cloud/sentinel/enforce.html
/docs/enterprise/sentinel/examples.html                             /docs/cloud/sentinel/examples.html
/docs/enterprise/sentinel/manage-policies.html                      /docs/cloud/sentinel/manage-policies.html
/docs/enterprise/sentinel/sentinel-tf-012.html                      /docs/cloud/sentinel/sentinel-tf-012.html
/docs/enterprise/sentinel/mock.html                                 /docs/cloud/sentinel/mock.html
/docs/enterprise/sentinel/import                                    /docs/cloud/sentinel/import
/docs/enterprise/sentinel/import/                                   /docs/cloud/sentinel/import/
/docs/enterprise/sentinel/import/index.html                         /docs/cloud/sentinel/import/index.html
/docs/enterprise/sentinel/import/tfstate.html                       /docs/cloud/sentinel/import/tfstate.html
/docs/enterprise/sentinel/import/tfconfig.html                      /docs/cloud/sentinel/import/tfconfig.html
/docs/enterprise/sentinel/import/tfplan.html                        /docs/cloud/sentinel/import/tfplan.html
/docs/enterprise/integrations/service-now                           /docs/cloud/integrations/service-now
/docs/enterprise/integrations/service-now/                          /docs/cloud/integrations/service-now/
/docs/enterprise/integrations/service-now/index.html                /docs/cloud/integrations/service-now/index.html
/docs/enterprise/migrate                                            /docs/cloud/migrate
/docs/enterprise/migrate/                                           /docs/cloud/migrate/
/docs/enterprise/migrate/index.html                                 /docs/cloud/migrate/index.html
/docs/enterprise/migrate/workspaces.html                            /docs/cloud/migrate/workspaces.html
/docs/enterprise/getting-started                                    /docs/cloud/getting-started
/docs/enterprise/getting-started/                                   /docs/cloud/getting-started/
/docs/enterprise/getting-started/index.html                         /docs/cloud/getting-started/index.html
/docs/enterprise/getting-started/workspaces.html                    /docs/cloud/getting-started/workspaces.html
/docs/enterprise/getting-started/runs.html                          /docs/cloud/getting-started/runs.html
/docs/enterprise/getting-started/policies.html                      /docs/cloud/getting-started/policies.html
/docs/enterprise/getting-started/access.html                        /docs/cloud/getting-started/access.html
/docs/enterprise/getting-started/vcs.html                           /docs/cloud/getting-started/vcs.html
/docs/enterprise/vcs                                                /docs/cloud/vcs
/docs/enterprise/vcs/                                               /docs/cloud/vcs/
/docs/enterprise/vcs/index.html                                     /docs/cloud/vcs/index.html
/docs/enterprise/vcs/github.html                                    /docs/cloud/vcs/github.html
/docs/enterprise/vcs/gitlab-com.html                                /docs/cloud/vcs/gitlab-com.html
/docs/enterprise/vcs/gitlab-eece.html                               /docs/cloud/vcs/gitlab-eece.html
/docs/enterprise/vcs/bitbucket-cloud.html                           /docs/cloud/vcs/bitbucket-cloud.html
/docs/enterprise/vcs/bitbucket-server.html                          /docs/cloud/vcs/bitbucket-server.html
/docs/enterprise/vcs/github-enterprise.html                         /docs/cloud/vcs/github-enterprise.html
/docs/enterprise/vcs/troubleshooting.html                           /docs/cloud/vcs/troubleshooting.html
/docs/enterprise/guides/recommended-practices                       /docs/cloud/guides/recommended-practices
/docs/enterprise/guides/recommended-practices/                      /docs/cloud/guides/recommended-practices/
/docs/enterprise/guides/recommended-practices/index.html            /docs/cloud/guides/recommended-practices/index.html
/docs/enterprise/guides/recommended-practices/part3.1.html          /docs/cloud/guides/recommended-practices/part3.1.html
/docs/enterprise/guides/recommended-practices/part3.3.html          /docs/cloud/guides/recommended-practices/part3.3.html
/docs/enterprise/guides/recommended-practices/part3.2.html          /docs/cloud/guides/recommended-practices/part3.2.html
/docs/enterprise/guides/recommended-practices/part1.html            /docs/cloud/guides/recommended-practices/part1.html
/docs/enterprise/guides/recommended-practices/part3.4.html          /docs/cloud/guides/recommended-practices/part3.4.html
/docs/enterprise/guides/recommended-practices/part2.html            /docs/cloud/guides/recommended-practices/part2.html
/docs/enterprise/guides/recommended-practices/part3.html            /docs/cloud/guides/recommended-practices/part3.html
/docs/enterprise/registry                                           /docs/cloud/registry
/docs/enterprise/registry/                                          /docs/cloud/registry/
/docs/enterprise/registry/index.html                                /docs/cloud/registry/index.html
/docs/enterprise/registry/design.html                               /docs/cloud/registry/design.html
/docs/enterprise/registry/publish.html                              /docs/cloud/registry/publish.html
/docs/enterprise/registry/using.html                                /docs/cloud/registry/using.html
/docs/enterprise/api                                                /docs/cloud/api
/docs/enterprise/api/                                               /docs/cloud/api/
/docs/enterprise/api/index.html                                     /docs/cloud/api/index.html
/docs/enterprise/api/stability-policy.html                          /docs/cloud/api/stability-policy.html
/docs/enterprise/api/workspaces.html                                /docs/cloud/api/workspaces.html
/docs/enterprise/api/ssh-keys.html                                  /docs/cloud/api/ssh-keys.html
/docs/enterprise/api/team-access.html                               /docs/cloud/api/team-access.html
/docs/enterprise/api/configuration-versions.html                    /docs/cloud/api/configuration-versions.html
/docs/enterprise/api/organizations.html                             /docs/cloud/api/organizations.html
/docs/enterprise/api/state-versions.html                            /docs/cloud/api/state-versions.html
/docs/enterprise/api/oauth-tokens.html                              /docs/cloud/api/oauth-tokens.html
/docs/enterprise/api/user-tokens.html                               /docs/cloud/api/user-tokens.html
/docs/enterprise/api/oauth-clients.html                             /docs/cloud/api/oauth-clients.html
/docs/enterprise/api/policy-sets.html                               /docs/cloud/api/policy-sets.html
/docs/enterprise/api/account.html                                   /docs/cloud/api/account.html
/docs/enterprise/api/policies.html                                  /docs/cloud/api/policies.html
/docs/enterprise/api/admin                                          /docs/cloud/api/admin
/docs/enterprise/api/admin/                                         /docs/cloud/api/admin/
/docs/enterprise/api/admin/index.html                               /docs/cloud/api/admin/index.html
/docs/enterprise/api/admin/settings.html                            /docs/cloud/api/admin/settings.html
/docs/enterprise/api/admin/workspaces.html                          /docs/cloud/api/admin/workspaces.html
/docs/enterprise/api/admin/runs.html                                /docs/cloud/api/admin/runs.html
/docs/enterprise/api/admin/terraform-versions.html                  /docs/cloud/api/admin/terraform-versions.html
/docs/enterprise/api/admin/organizations.html                       /docs/cloud/api/admin/organizations.html
/docs/enterprise/api/admin/users.html                               /docs/cloud/api/admin/users.html
/docs/enterprise/api/team-members.html                              /docs/cloud/api/team-members.html
/docs/enterprise/api/teams.html                                     /docs/cloud/api/teams.html
/docs/enterprise/api/state-version-outputs.html                     /docs/cloud/api/state-version-outputs.html
/docs/enterprise/api/users.html                                     /docs/cloud/api/users.html
/docs/enterprise/api/policy-checks.html                             /docs/cloud/api/policy-checks.html
/docs/enterprise/api/variables.html                                 /docs/cloud/api/variables.html
/docs/enterprise/api/plans.html                                     /docs/cloud/api/plans.html
/docs/enterprise/api/organization-tokens.html                       /docs/cloud/api/organization-tokens.html
/docs/enterprise/api/modules.html                                   /docs/cloud/api/modules.html
/docs/enterprise/api/applies.html                                   /docs/cloud/api/applies.html
/docs/enterprise/api/team-tokens.html                               /docs/cloud/api/team-tokens.html
/docs/enterprise/api/run.html                                       /docs/cloud/api/run.html
/docs/enterprise/api/notification-configurations.html               /docs/cloud/api/notification-configurations.html
/docs/enterprise/api/plan-exports.html                              /docs/cloud/api/plan-exports.html
/docs/enterprise/run                                                /docs/cloud/run
/docs/enterprise/run/                                               /docs/cloud/run/
/docs/enterprise/run/index.html                                     /docs/cloud/run/index.html
/docs/enterprise/run/install-software.html                          /docs/cloud/run/install-software.html
/docs/enterprise/run/api.html                                       /docs/cloud/run/api.html
/docs/enterprise/run/cli.html                                       /docs/cloud/run/cli.html
/docs/enterprise/run/ui.html                                        /docs/cloud/run/ui.html
/docs/enterprise/run/states.html                                    /docs/cloud/run/states.html
/docs/enterprise/system-overview/data-security.html                 /docs/cloud/architectural-details/data-security.html

/docs/enterprise/private                                            /docs/enterprise
/docs/enterprise/private/                                           /docs/enterprise/
/docs/enterprise/private/index.html                                 /docs/enterprise/index.html
/docs/enterprise/private/admin                                      /docs/enterprise/admin/admin-access.html
/docs/enterprise/private/admin/                                     /docs/enterprise/admin/admin-access.html
/docs/enterprise/private/admin/index.html                           /docs/enterprise/admin/admin-access.html
/docs/enterprise/private/admin/general.html                         /docs/enterprise/admin/general.html
/docs/enterprise/private/admin/integration.html                     /docs/enterprise/admin/integration.html
/docs/enterprise/private/admin/resources.html                       /docs/enterprise/admin/resources.html
/docs/enterprise/private/automated-recovery.html                    /docs/enterprise/admin/automated-recovery.html
/docs/enterprise/private/automating-initial-user.html               /docs/enterprise/install/automating-initial-user.html
/docs/enterprise/private/automating-the-installer.html              /docs/enterprise/install/automating-the-installer.html
/docs/enterprise/private/aws-setup-guide.html                       /docs/enterprise/before-installing/reference-architecture/aws.html
/docs/enterprise/private/azure-setup-guide.html                     /docs/enterprise/before-installing/reference-architecture/azure.html
/docs/enterprise/private/capacity.html                              /docs/enterprise/system-overview/capacity.html
/docs/enterprise/private/centos-install-guide.html                  /docs/enterprise/before-installing/centos-requirements.html
/docs/enterprise/private/config.html                                /docs/enterprise/install/config.html
/docs/enterprise/private/data-security.html                         /docs/cloud/architectural-details/data-security.html
/docs/enterprise/private/diagnostics.html                           /docs/enterprise/support/index.html
/docs/enterprise/private/encryption-password                        /docs/enterprise/install/encryption-password.html
/docs/enterprise/private/faq.html                                   /docs/enterprise/index.html
/docs/enterprise/private/gcp-setup-guide.html                       /docs/enterprise/before-installing/reference-architecture/gcp.html
/docs/enterprise/private/install-ami.html                           /docs/enterprise/install/index.html
/docs/enterprise/private/install-installer.html                     /docs/enterprise/install/installer.html
/docs/enterprise/private/installer.html                             /docs/enterprise/install/index.html
/docs/enterprise/private/logging.html                               /docs/enterprise/admin/logging.html
/docs/enterprise/private/migrate.html                               /docs/enterprise/install/index.html
/docs/enterprise/private/minio-setup-guide.html                     /docs/enterprise/before-installing/minio-setup-guide.html
/docs/enterprise/private/monitoring.html                            /docs/enterprise/admin/monitoring.html
/docs/enterprise/private/preflight-installer.html                   /docs/enterprise/before-installing/index.html
/docs/enterprise/private/reference-architecture-installer.html      /docs/enterprise/before-installing/reference-architecture/index.html
/docs/enterprise/private/reliability-availability.html              /docs/enterprise/system-overview/reliability-availability.html
/docs/enterprise/private/rhel-install-guide.html                    /docs/enterprise/before-installing/rhel-requirements.html
/docs/enterprise/private/simplified-migration.html                  /docs/enterprise/install/index.html
/docs/enterprise/private/upgrades.html                              /docs/enterprise/admin/upgrades.html
/docs/enterprise/private/vault.html                                 /docs/enterprise/before-installing/vault.html
/docs/enterprise/private/vmware-setup-guide.html                    /docs/enterprise/before-installing/reference-architecture/vmware.html

# API Token Documentation update
/docs/cloud/users-teams-organizations/service-accounts.html         /docs/cloud/users-teams-organizations/api-tokens.html

# Post-beta for TFE v5
/docs/enterprise/beta/index.html        /docs/enterprise/before-installing/index.html
/docs/enterprise/beta/aws.html          /docs/enterprise/install/cluster-aws.html
/docs/enterprise/beta/azure.html        /docs/enterprise/install/cluster-azure.html
/docs/enterprise/beta/gcp.html          /docs/enterprise/install/cluster-gcp.html

# GitHub Actions
/docs/github-actions/getting-started/index.html                     /docs/github-actions/getting-started.html
/docs/github-actions/actions/index.html                             /docs/github-actions/configuration/index.html
/docs/github-actions/actions/fmt.html                               /docs/github-actions/configuration/fmt.html
/docs/github-actions/actions/init.html                              /docs/github-actions/configuration/init.html
/docs/github-actions/actions/validate.html                          /docs/github-actions/configuration/validate.html
/docs/github-actions/actions/plan.html                              /docs/github-actions/configuration/plan.html
/docs/github-actions/actions/apply.html                             /docs/github-actions/configuration/apply.html
/docs/github-actions/directories.html                               /docs/github-actions/common-tasks/working-directory.html
/docs/github-actions/remote-backend.html                            /docs/github-actions/common-tasks/backends.html
/docs/github-actions/terraform-versions.html                        /docs/github-actions/common-tasks/terraform-versions.html
/docs/github-actions/workspaces.html                                /docs/github-actions/common-tasks/workspaces.html
/docs/github-actions/getting-started.html                           /docs/github-actions/index.html
/docs/github-actions/configuration/index.html                       /docs/github-actions/index.html
/docs/github-actions/configuration/fmt.html                         /docs/github-actions/index.html
/docs/github-actions/configuration/init.html                        /docs/github-actions/index.html
/docs/github-actions/configuration/validate.html                    /docs/github-actions/index.html
/docs/github-actions/configuration/plan.html                        /docs/github-actions/index.html
/docs/github-actions/configuration/apply.html                       /docs/github-actions/index.html
/docs/github-actions/common-tasks/working-directory.html            /docs/github-actions/index.html
/docs/github-actions/common-tasks/backends.html                     /docs/github-actions/index.html
/docs/github-actions/common-tasks/terraform-versions.html           /docs/github-actions/index.html
/docs/github-actions/common-tasks/workspaces.html                   /docs/github-actions/index.html

# Prepping for docs relocation for Google provider
/docs/providers/google/provider_reference.html                      /docs/providers/google/guides/provider_reference.html
/docs/providers/google/provider_versions.html                       /docs/providers/google/guides/provider_versions.html
/docs/providers/google/getting_started.html                         /docs/providers/google/guides/getting_started.html
/docs/providers/google/version_2_upgrade.html                       /docs/providers/google/guides/version_2_upgrade.html
/docs/providers/google/version_3_upgrade.html                       /docs/providers/google/guides/version_3_upgrade.html

# Deleted resource type
/docs/providers/google/r/google_project_services.html               /docs/providers/google/guides/version_3_upgrade.html

# Helm provider got its directory structure normalized, yay
/docs/providers/helm/release.html                                   /docs/providers/helm/r/release.html
/docs/providers/helm/repository.html                                /docs/providers/helm/d/repository.html

# terraform-provider-google-beta docs don't exist, redirect to terraform-provider-google docs instead
/docs/providers/google-beta                                         /docs/providers/google/index.html
/docs/providers/google-beta/                                        /docs/providers/google/index.html
/docs/providers/google-beta/index.html                              /docs/providers/google/index.html

# Obsoleted by modern VCS integration for policy sets
/docs/cloud/sentinel/integrate-vcs.html                             /docs/cloud/sentinel/manage-policies.html

# This page was originally a workaround for lack of directory filtering for monorepos.
/docs/cloud/workspaces/repo-structure.html                          /docs/cloud/workspaces/configurations.html

# Move content to learn.hashicorp.com:
# /docs/cloud/getting-started/index.html                https://learn.hashicorp.com/terraform/cloud-getting-started/signup
# /docs/cloud/getting-started/access.html               https://learn.hashicorp.com/terraform/cloud-getting-started/signup
# /docs/cloud/getting-started/vcs.html                  https://learn.hashicorp.com/terraform/cloud-getting-started/create-workspace
# /docs/cloud/getting-started/workspaces.html           https://learn.hashicorp.com/terraform/cloud-getting-started/create-workspace
# /docs/cloud/getting-started/runs.html                 https://learn.hashicorp.com/terraform/cloud-getting-started/apply-changes
# /docs/cloud/getting-started/policies.html             https://learn.hashicorp.com/terraform/cloud-getting-started/enforce-policies
# /docs/cloud/getting-started/cost-estimation.html      https://learn.hashicorp.com/terraform/cloud-getting-started/cost-estimation
# /docs/github-actions/index.html                       https://learn.hashicorp.com/tutorials/terraform/github-actions
# /docs/github-actions/setup-terraform.html             https://learn.hashicorp.com/tutorials/terraform/github-actions

# The great Google data source rename
# cf. commit 373c12f992c02fd3c96ec00a3dabc55143b74f8b in terraform-providers/terraform-provider-google-beta
/docs/providers/google/d/google_active_folder.html                              /docs/providers/google/d/active_folder.html
/docs/providers/google/d/google_bigquery_default_service_account.html           /docs/providers/google/d/bigquery_default_service_account.html
/docs/providers/google/d/google_billing_account.html                            /docs/providers/google/d/billing_account.html
/docs/providers/google/d/datasource_client_config.html                          /docs/providers/google/d/client_config.html
/docs/providers/google/d/datasource_google_client_openid_userinfo.html          /docs/providers/google/d/client_openid_userinfo.html
/docs/providers/google/d/datasource_cloudfunctions_function.html                /docs/providers/google/d/cloudfunctions_function.html
/docs/providers/google/d/datasource_google_composer_image_versions.html         /docs/providers/google/d/composer_image_versions.html
/docs/providers/google/d/datasource_compute_address.html                        /docs/providers/google/d/compute_address.html
/docs/providers/google/d/datasource_google_compute_backend_bucket.html          /docs/providers/google/d/compute_backend_bucket.html
/docs/providers/google/d/datasource_google_compute_backend_service.html         /docs/providers/google/d/compute_backend_service.html
/docs/providers/google/d/google_compute_default_service_account.html            /docs/providers/google/d/compute_default_service_account.html
/docs/providers/google/d/datasource_compute_forwarding_rule.html                /docs/providers/google/d/compute_forwarding_rule.html
/docs/providers/google/d/datasource_compute_global_address.html                 /docs/providers/google/d/compute_global_address.html
/docs/providers/google/d/datasource_compute_image.html                          /docs/providers/google/d/compute_image.html
/docs/providers/google/d/datasource_compute_instance.html                       /docs/providers/google/d/compute_instance.html
/docs/providers/google/d/google_compute_instance_group.html                     /docs/providers/google/d/compute_instance_group.html
/docs/providers/google/d/datasource_compute_instance_serial_port.html           /docs/providers/google/d/compute_instance_serial_port.html
/docs/providers/google/d/datasource_compute_lb_ip_ranges.html                   /docs/providers/google/d/compute_lb_ip_ranges.html
/docs/providers/google/d/datasource_compute_network.html                        /docs/providers/google/d/compute_network.html
/docs/providers/google/d/datasource_google_compute_network_endpoint_group.html  /docs/providers/google/d/compute_network_endpoint_group.html
/docs/providers/google/d/google_compute_node_types.html                         /docs/providers/google/d/compute_node_types.html
/docs/providers/google/d/datasource_compute_region_instance_group.html          /docs/providers/google/d/compute_region_instance_group.html
/docs/providers/google/d/google_compute_regions.html                            /docs/providers/google/d/compute_regions.html
/docs/providers/google/d/google_compute_resource_policy.html                    /docs/providers/google/d/compute_resource_policy.html
/docs/providers/google/d/datasource_compute_router.html                         /docs/providers/google/d/compute_router.html
/docs/providers/google/d/datasource_compute_ssl_certificate.html                /docs/providers/google/d/compute_ssl_certificate.html
/docs/providers/google/d/datasource_compute_ssl_policy.html                     /docs/providers/google/d/compute_ssl_policy.html
/docs/providers/google/d/datasource_compute_subnetwork.html                     /docs/providers/google/d/compute_subnetwork.html
/docs/providers/google/d/datasource_compute_vpn_gateway.html                    /docs/providers/google/d/compute_vpn_gateway.html
/docs/providers/google/d/google_compute_zones.html                              /docs/providers/google/d/compute_zones.html
/docs/providers/google/d/google_container_cluster.html                          /docs/providers/google/d/container_cluster.html
/docs/providers/google/d/google_container_engine_versions.html                  /docs/providers/google/d/container_engine_versions.html
/docs/providers/google/d/google_container_registry_image.html                   /docs/providers/google/d/container_registry_image.html
/docs/providers/google/d/google_container_registry_repository.html              /docs/providers/google/d/container_registry_repository.html
/docs/providers/google/d/datasource_dns_keys.html                               /docs/providers/google/d/dns_keys.html
/docs/providers/google/d/datasource_firebase_web_app.html                       /docs/providers/google/d/firebase_web_app.html
/docs/providers/google/d/datasource_firebase_web_app_config.html                /docs/providers/google/d/firebase_web_app_config.html
/docs/providers/google/d/google_folder.html                                     /docs/providers/google/d/folder.html
/docs/providers/google/d/datasource_google_folder_organization_policy.html      /docs/providers/google/d/folder_organization_policy.html
/docs/providers/google/d/google_iam_policy.html                                 /docs/providers/google/d/iam_policy.html
/docs/providers/google/d/datasource_google_iam_role.html                        /docs/providers/google/d/iam_role.html
/docs/providers/google/d/datasource_iam_testable_permissions.html               /docs/providers/google/d/iam_testable_permissions.html
/docs/providers/google/d/google_kms_crypto_key.html                             /docs/providers/google/d/kms_crypto_key.html
/docs/providers/google/d/google_kms_crypto_key_version.html                     /docs/providers/google/d/kms_crypto_key_version.html
/docs/providers/google/d/google_kms_key_ring.html                               /docs/providers/google/d/kms_key_ring.html
/docs/providers/google/d/google_kms_secret.html                                 /docs/providers/google/d/kms_secret.html
/docs/providers/google/d/google_kms_secret_ciphertext.html                      /docs/providers/google/d/kms_secret_ciphertext.html
/docs/providers/google/d/datasource_monitoring_app_engine_service.html          /docs/providers/google/d/monitoring_app_engine_service.html
/docs/providers/google/d/datasource_monitoring_notification_channel.html        /docs/providers/google/d/monitoring_notification_channel.html
/docs/providers/google/d/datasource_google_monitoring_uptime_check_ips.html     /docs/providers/google/d/monitoring_uptime_check_ips.html
/docs/providers/google/d/datasource_google_netblock_ip_ranges.html              /docs/providers/google/d/netblock_ip_ranges.html
/docs/providers/google/d/google_organization.html                               /docs/providers/google/d/organization.html
/docs/providers/google/d/google_project.html                                    /docs/providers/google/d/project.html
/docs/providers/google/d/datasource_google_project_organization_policy.html     /docs/providers/google/d/project_organization_policy.html
/docs/providers/google/d/google_projects.html                                   /docs/providers/google/d/projects.html
/docs/providers/google/d/datasource_google_redis_instance.html                  /docs/providers/google/d/redis_instance.html
/docs/providers/google/d/datasource_google_secret_manager_secret_version.html   /docs/providers/google/d/secret_manager_secret_version.html
/docs/providers/google/d/datasource_google_service_account.html                 /docs/providers/google/d/service_account.html
/docs/providers/google/d/datasource_google_service_account_access_token.html    /docs/providers/google/d/service_account_access_token.html
/docs/providers/google/d/datasource_google_service_account_key.html             /docs/providers/google/d/service_account_key.html
/docs/providers/google/d/datasource_google_sql_ca_certs.html                    /docs/providers/google/d/sql_ca_certs.html
/docs/providers/google/d/google_storage_project_service_account.html            /docs/providers/google/d/storage_project_service_account.html
/docs/providers/google/d/google_storage_transfer_project_service_account.html   /docs/providers/google/d/storage_transfer_project_service_account.html
/docs/providers/google/d/datasource_tpu_tensorflow_versions.html                /docs/providers/google/d/tpu_tensorflow_versions.html
/docs/registry/support.html                                                     /docs/registry/index.html#getting-help

# Moving "Terraform Cloud Agents" out from underneath "Workspaces"
/docs/cloud/workspaces/agent.html   /docs/cloud/agents/index.html

# Redirect removed terraform examples to learn.hashicorp.com
# /intro/examples/aws.html        https://learn.hashicorp.com/terraform
# /intro/examples/consul.html     https://learn.hashicorp.com/terraform
# /intro/examples/count           https://learn.hashicorp.com/terraform
# /intro/examples/cross-provider  https://learn.hashicorp.com/terraform
# /intro/examples/                https://learn.hashicorp.com/terraform

# Removing the lists of provider docs
/docs/providers/type/cloud-index.html          /docs/providers/index.html
/docs/providers/type/community-index.html      /docs/providers/index.html
/docs/providers/type/database-index.html       /docs/providers/index.html
/docs/providers/type/infra-index.html          /docs/providers/index.html
/docs/providers/type/major-index.html          /docs/providers/index.html
/docs/providers/type/misc-index.html           /docs/providers/index.html
/docs/providers/type/monitor-index.html        /docs/providers/index.html
/docs/providers/type/network-index.html        /docs/providers/index.html
/docs/providers/type/vcs-index.html            /docs/providers/index.html
